{"DOGE/USD": {"bids": {"0.3999443": 4000.0, "0.3998387": 35008.8, "0.3997756": 2193.75, "0.3997358": 228.9698858, "0.3997357": 4000.0, "0.3997356": 2193.75, "0.3997166": 3751.14269907, "0.3996199": 2193.75, "0.3996161": 30000.0, "0.399616": 61983.28977104}, "asks": {"0.4004811": 36912.60216176, "0.4004812": 2008.80416571, "0.4005089": 7433.0, "0.400509": 2193.75, "0.400548": 2009.56567346, "0.4005733": 2193.75, "0.4006333": 18520.76138979, "0.4006334": 2193.75, "0.4006555": 92794.17922055, "0.4006556": 67853.03273981}}, "BTC/USD": {"bids": {"89783.0": 0.04054225, "89763.4": 0.00023358, "89763.3": 0.1, "89763.2": 1.71562509, "89758.3": 1.98310304, "89756.0": 0.3394, "89753.2": 3.38706485, "89747.0": 0.3375, "89744.0": 0.0377, "89742.9": 1.71601255}, "asks": {"89783.1": 4.61242405, "89783.4": 0.01884898, "89785.3": 0.01147803, "89785.4": 2.78441854, "89787.5": 2.78435417, "89787.7": 5.56869168, "89790.6": 2.78425842, "89792.1": 0.3375, "89794.8": 5.56825469, "89795.8": 0.228073}}, "SOL/USD": {"bids": {"220.87": 17.92287169, "220.84": 45.2797362, "220.83": 13.78500943, "220.82": 116.6832905, "220.8": 172.09468918, "220.79": 51.75768822, "220.77": 254.71740766, "220.75": 330.05603121, "220.72": 21.40059281, "220.71": 181.04286764}, "asks": {"220.89": 0.05310886, "220.9": 90.54044663, "220.92": 135.79947855, "220.94": 226.30739881, "220.97": 32.54, "220.98": 125.91614512, "220.99": 4.318, "221.0": 655.1604003, "221.01": 18.15755901, "221.02": 2.25889421}}, "ETH/USD": {"bids": {"3390.84": 0.44236826, "3390.83": 0.035, "3390.64": 6.225, "3390.55": 52.49877856, "3390.5": 1.0, "3390.27": 52.50317129, "3390.12": 0.72912968, "3389.82": 2.7, "3389.62": 4.77708429, "3389.6": 0.84574642}, "asks": {"3391.43": 0.0087801, "3391.54": 0.58970261, "3391.57": 14.74576642, "3391.71": 73.70918393, "3391.96": 74.13848602, "3392.47": 2.7, "3392.66": 0.14925813, "3392.68": 0.44694545, "3392.75": 0.84574642, "3392.91": 73.68324807}}}