{"b": {"60214.9": 0.00664287, "60214.8": 0.00099394, "60202.4": 0.00016618, "60199.4": 0.00016618, "60199.0": 0.00830945, "60197.0": 0.00830945, "60201.6": 3.73744017, "60199.3": 3.73758227, "60200.8": 3.73749039, "60201.7": 0.00039675}, "a": {"60215.0": 13.10151939, "60215.7": 3.73656761, "60216.0": 0.70622414, "60216.4": 3.73652439, "60217.0": 1.03977924, "60218.0": 0.8478927, "60215.5": 0.10402472, "60215.6": 5.68518998, "60219.0": 0.93186569, "60217.2": 0.00664287}}