{"BTC/USD": {"bids": {"89444.3": 2.41119626, "89442.7": 3.9802009, "89442.2": 0.16082658, "89440.3": 3.94676454, "89432.0": 0.0379, "89426.3": 0.3375, "89424.9": 0.16082658, "89421.2": 0.0001, "89417.9": 0.48, "89416.4": 0.3375}, "asks": {"89444.4": 4.95213549, "89450.0": 8.11e-05, "89455.0": 9.11e-05, "89457.4": 0.00066752, "89462.4": 0.3375612, "89462.5": 0.00037653, "89463.7": 0.01827711, "89465.6": 2.79437069, "89466.8": 2.79433401, "89468.7": 3.82211922}}}